start_date,regime_id
2007-01-04,7
2007-01-12,4
2007-01-16,7
2007-01-26,4
2007-01-31,5
2007-02-08,4
2007-02-12,5
2007-02-13,4
2007-02-14,5
2007-02-16,4
2007-02-20,5
2007-02-21,1
2007-02-22,2
2007-02-26,5
2007-03-06,4
2007-03-08,5
2007-03-13,4
2007-03-14,5
2007-03-15,4
2007-03-16,5
2007-03-23,6
2007-04-10,3
2007-04-11,6
2007-04-12,3
2007-04-13,6
2007-04-16,3
2007-04-17,6
2007-04-26,3
2007-04-27,6
2007-05-08,5
2007-05-11,6
2007-05-16,8
2007-05-17,9
2007-05-21,6
2007-05-23,5
2007-05-25,6
2007-05-29,5
2007-06-01,3
2007-06-11,6
2007-06-13,3
2007-07-20,6
2007-07-26,9
2007-07-30,6
2007-07-31,9
2007-08-03,8
2007-08-09,7
2007-08-15,8
2007-08-16,7
2007-09-04,8
2007-09-14,9
2008-01-17,8
2008-01-29,9
2008-02-04,8
2008-02-07,5
2008-02-11,6
2008-02-13,3
2008-02-14,6
2008-03-03,9
2008-03-24,6
2008-03-27,9
2008-03-31,6
2008-04-04,3
2008-04-07,6
2008-04-22,9
2008-04-24,6
2008-05-13,3
2008-05-14,6
2008-06-12,9
2008-06-13,6
2008-06-30,9
2008-07-17,6
2008-07-21,9
2008-07-22,6
2008-07-24,5
2008-08-01,4
2008-08-05,1
2008-09-25,4
2008-10-01,7
2009-01-26,8
2009-02-03,7
2009-02-25,8
2009-02-27,7
2009-03-18,8
2009-03-23,5
2009-03-24,8
2009-03-25,5
2009-03-27,6
2009-03-30,5
2009-04-02,2
2009-04-07,5
2009-04-09,2
2009-04-20,1
2009-04-29,2
2009-05-19,3
2009-06-26,2
2009-07-01,3
2009-07-02,5
2009-07-20,2
2009-07-21,3
2009-07-22,2
2009-07-23,3
2009-08-31,2
2009-09-15,3
2009-09-24,2
2009-10-01,3
2009-11-20,6
2009-12-04,3
2009-12-10,6
2009-12-14,3
2010-01-28,2
2010-02-01,3
2010-02-04,2
2010-02-16,3
2010-03-25,2
2010-03-29,3
2010-05-06,2
2010-05-14,1
2010-05-20,4
2010-05-25,1
2010-06-01,4
2010-06-02,1
2010-06-04,4
2010-06-08,7
2010-06-10,4
2010-06-29,7
2010-07-23,4
2010-08-02,5
2010-08-04,2
2010-08-06,5
2010-08-11,7
2010-08-17,4
2010-08-20,7
2010-09-02,4
2010-09-13,5
2010-09-16,4
2010-09-17,1
2010-09-20,2
2010-09-30,3
2011-05-03,6
2011-05-10,3
2011-05-11,6
2011-05-17,5
2011-05-19,6
2011-05-20,5
2011-06-08,8
2011-06-15,9
2011-06-16,8
2011-06-21,5
2011-06-23,4
2011-06-29,5
2011-06-30,2
2011-07-14,5
2011-07-19,6
2011-07-26,9
2011-08-02,8
2011-08-04,7
2011-10-28,8
2011-10-31,7
2011-11-03,8
2011-11-04,5
2011-11-07,8
2011-11-10,7
2011-12-27,8
2011-12-28,7
2012-01-04,8
2012-01-09,5
2012-01-12,4
2012-01-17,5
2012-01-18,2
2012-02-09,3
2012-03-02,6
2012-03-14,3
2012-04-04,6
2012-04-10,5
2012-04-12,6
2012-04-16,5
2012-04-24,8
2012-04-25,5
2012-04-30,6
2012-05-01,5
2012-05-07,4
2012-05-10,7
2012-07-05,4
2012-07-06,7
2012-07-16,8
2012-07-20,9
2012-07-23,8
2012-07-30,9
2012-07-31,8
2012-08-03,9
2012-08-17,6
2012-08-27,9
2012-08-28,6
2012-09-10,3
2012-09-25,6
2012-10-24,5
2012-11-01,2
2012-11-08,5
2012-11-15,4
2012-11-19,5
2012-11-21,2
2012-11-23,5
2012-11-27,2
2013-01-15,3
2013-01-16,2
2013-01-18,3
2013-02-27,2
2013-03-12,3
2013-03-13,2
2013-03-26,3
2013-04-02,6
2013-04-03,5
2013-04-08,4
2013-04-09,5
2013-04-11,4
2013-04-23,7
2013-04-24,4
2013-05-06,1
2013-07-19,2
2013-07-29,1
2013-07-31,2
2013-08-05,1
2013-08-12,2
2013-08-19,1
2013-08-26,2
2013-09-10,1
2013-09-19,2
2013-09-24,1
2013-12-24,2
2014-01-03,1
2014-02-07,2
2014-02-13,3
2014-02-14,6
2014-02-18,3
2014-03-13,6
2014-03-17,5
2014-03-26,8
2014-03-27,9
2014-03-31,8
2014-04-01,5
2014-04-04,8
2014-04-08,9
2014-06-04,8
2014-06-06,5
2014-06-09,6
2014-06-10,9
2014-06-11,6
2014-06-13,9
2014-06-17,6
2014-06-19,9
2014-06-20,6
2014-07-10,9
2014-07-14,6
2014-07-15,5
2014-07-17,8
2014-07-22,7
2014-07-25,8
2014-07-31,5
2014-08-01,7
2014-08-05,4
2014-08-07,7
2014-08-08,4
2014-08-12,7
2014-08-13,4
2014-08-14,7
2014-08-18,4
2014-09-15,7
2014-11-07,4
2014-11-10,7
2014-11-12,4
2014-11-13,7
2014-11-24,4
2014-11-26,7
2014-12-23,4
2014-12-24,7
2014-12-30,4
2015-01-06,7
2015-02-05,4
2015-02-13,1
2015-04-07,2
2015-04-16,3
2015-04-21,2
2015-04-24,3
2015-05-08,2
2015-05-27,1
2015-05-28,4
2015-06-02,1
2015-06-03,2
2015-06-04,1
2015-06-08,2
2015-07-02,5
2015-07-08,8
2015-07-09,4
2015-07-10,5
2015-07-15,4
2015-07-16,7
2015-09-04,4
2015-09-23,7
2015-11-06,4
2015-11-11,7
2015-11-24,4
2015-12-01,7
2016-03-07,8
2016-03-10,9
2016-03-11,8
2016-03-14,9
2016-03-15,8
2016-03-17,9
2016-03-29,8
2016-03-31,9
2016-04-01,8
2016-04-12,9
2016-04-13,6
2016-04-21,3
2016-04-29,6
2016-05-02,3
2016-05-03,6
2016-05-12,9
2016-05-25,6
2016-06-10,9
2016-06-15,8
2016-06-20,5
2016-06-22,6
2016-06-24,9
2016-06-27,8
2016-07-01,9
2016-07-05,8
2016-07-12,5
2016-07-26,2
2016-07-28,4
2016-07-29,5
2016-08-01,4
2016-08-04,5
2016-08-05,2
2016-08-09,5
2016-08-11,4
2016-08-12,5
2016-08-15,2
2016-08-17,5
2016-08-18,2
2016-08-19,3
2016-08-24,6
2016-08-25,3
2016-08-29,2
2016-09-06,5
2016-09-07,2
2016-09-08,3
2016-09-12,2
2016-09-23,3
2016-10-25,6
2016-11-08,3
2017-02-23,6
2017-03-09,5
2017-03-10,8
2017-03-15,5
2017-03-21,8
2017-03-24,5
2017-04-06,6
2017-04-17,9
2017-04-18,5
2017-04-24,4
2017-04-25,5
2017-04-26,2
2017-04-27,1
2017-04-28,4
2017-05-17,7
2017-05-22,5
2017-05-23,8
2017-05-25,7
2017-06-09,4
2017-06-29,1
2017-07-20,2
2017-07-21,5
2017-07-24,4
2017-07-25,2
2017-07-26,5
2017-07-28,6
2017-08-01,5
2017-08-07,6
2017-08-08,8
2017-08-09,9
2017-08-10,8
2017-08-15,7
2017-08-18,8
2017-08-21,7
2017-08-31,8
2017-09-06,9
2017-09-08,8
2017-09-11,9
2017-09-13,6
2017-09-14,9
2017-09-15,6
2017-09-22,3
2017-11-03,6
2017-11-06,3
2017-11-07,6
2017-11-21,3
2017-11-24,6
2017-11-28,3
2018-01-26,6
2018-01-30,3
2018-01-31,6
2018-02-02,3
2018-02-12,6
2018-02-14,3
2018-02-27,6
2018-03-02,3
2018-06-20,2
2018-06-26,3
2018-07-05,6
2018-07-11,5
2018-07-12,8
2018-07-19,5
2018-07-20,8
2018-08-15,7
2018-08-24,8
2018-09-12,9
2018-09-14,8
2018-09-19,9
2018-09-24,6
2018-09-27,9
2018-10-19,8
2018-10-24,7
2019-01-25,4
2019-02-21,5
2019-02-22,2
2019-02-26,5
2019-03-01,2
2019-03-05,5
2019-03-20,8
2019-03-21,6
2019-03-22,8
2019-04-01,5
2019-04-03,6
2019-04-16,5
2019-04-17,6
2019-04-18,5
2019-04-22,6
2019-05-01,9
2019-05-02,8
2019-05-08,7
2019-07-11,8
2019-07-18,7
2019-09-16,5
2019-09-17,8
2019-09-19,7
2019-10-24,8
2019-11-01,5
2019-11-04,6
2019-11-15,5
2019-11-19,8
2019-11-22,6
2019-11-25,5
2019-11-26,6
2019-11-29,5
2019-12-03,8
2019-12-06,9
2019-12-12,6
2019-12-13,9
2019-12-18,6
2019-12-27,9
2019-12-31,6
2020-01-10,9
2020-01-21,8
2020-01-23,7
2020-05-21,4
2020-05-29,7
2020-06-01,4
2020-06-03,1
2020-06-05,2
2020-06-17,3
2020-06-24,6
2020-06-25,2
2020-07-01,3
2020-07-07,6
2020-07-10,5
2020-07-13,6
2020-07-14,3
2020-07-28,6
2020-08-10,3
2020-08-24,6
2020-08-25,3
2020-08-26,6
2020-08-28,3
2020-08-31,6
2020-09-04,5
2020-09-14,2
2020-09-15,5
2020-09-16,2
2020-09-17,3
2020-09-21,2
2020-09-25,5
2020-09-28,2
2020-09-30,5
2020-10-01,2
2020-10-02,5
2020-10-05,2
2020-10-08,3
2020-10-14,2
2020-10-20,3
2020-10-26,2
2020-10-27,5
2020-10-28,2
2020-11-10,3
2020-11-13,2
2020-11-20,3
2021-05-21,6
2021-05-27,3
2021-06-07,6
2021-06-08,3
2021-06-10,6
2021-06-21,3
2021-07-07,6
2021-07-09,3
2021-07-13,6
2021-07-20,5
2021-07-21,6
2021-08-09,5
2021-08-11,6
2021-08-17,9
2021-08-18,8
2021-08-20,7
2021-08-23,8
2021-08-25,5
2021-08-26,8
2021-08-27,5
2021-09-03,8
2021-09-13,6
2021-09-27,3
2021-09-29,6
2021-10-12,3
2021-10-27,6
2021-11-01,3
2021-11-15,6
2021-11-16,3
2021-11-17,6
2021-11-26,5
2021-11-29,8
2021-12-01,7
2021-12-07,8
2021-12-14,7
2021-12-22,8
2021-12-28,9
2022-06-06,6
2022-06-10,9
2022-06-23,8
2022-06-30,7
2022-08-08,4
2022-08-09,7
2022-08-10,4
2022-08-11,5
2022-08-15,4
2022-08-17,7
2022-08-19,8
2022-08-23,5
2022-08-30,8
2022-08-31,7
2022-09-13,4
2022-09-14,7
2022-09-15,4
2022-09-22,7
2022-09-30,4
2022-10-11,1
2022-10-14,4
2022-10-21,5
2022-10-25,2
2022-11-10,1
2022-11-11,2
2022-11-15,1
2022-11-23,4
2022-11-29,1
2022-11-30,4
2022-12-01,1
2022-12-05,4
2023-01-10,1
2023-03-03,2
2023-03-08,1
2023-03-10,4
2023-03-15,7
2023-04-12,8
2023-04-21,7
2023-06-07,4
2023-06-20,5
2023-06-22,4
2023-07-10,1
2023-07-11,2
2023-07-19,5
2023-07-21,6
2023-07-26,3
2023-07-27,6
2023-07-28,3
2023-08-08,6
2023-09-11,9
2023-09-12,6
2023-09-13,9
2023-09-14,6
2023-09-19,9
2023-09-28,6
2023-10-05,5
2023-10-13,9
2023-11-08,8
2023-11-15,7
2023-11-20,4
2023-11-21,5
2023-11-22,4
2023-11-28,7
2023-11-29,4
2023-12-11,1
2023-12-13,4
2023-12-14,1
2024-01-03,4
2024-02-16,5
2024-02-23,4
2024-02-27,5
2024-03-12,8
2024-03-13,6
2024-03-25,9
2024-03-27,6
2024-03-28,9
2024-04-04,6
2024-04-10,9
2024-04-29,6
2024-05-08,5
2024-05-10,8
2024-05-14,5
2024-05-16,8
2024-05-20,6
2024-05-21,8
2024-06-04,7
2024-07-01,8
2024-07-09,7
2024-07-15,4
2024-07-19,7
2024-07-23,4
2024-07-24,7
2024-07-26,4
2024-08-01,7
2024-09-19,4
2024-09-20,7
2024-09-27,4
2024-10-03,5
2024-10-07,6
2024-10-10,9
2024-10-11,6
2024-10-14,9
2024-10-16,8
2024-10-25,9
2024-10-28,8
2024-11-01,5
2024-11-06,2
2024-11-07,3
2024-11-08,2
2024-11-14,5
2024-11-22,2
2024-11-29,1
2024-12-04,5
2024-12-06,4
2024-12-10,5
2024-12-18,7
2025-01-08,8
2025-01-13,6
2025-01-28,5
2025-01-29,6
2025-01-30,5
2025-02-03,6
2025-02-06,8
2025-02-10,9
2025-02-26,8
2025-03-05,7
2025-03-24,4
2025-03-25,5
2025-03-28,8
2025-03-31,9
2025-04-03,8
2025-04-04,7
2025-05-12,4
2025-05-21,7
2025-05-27,4
2025-05-29,7
2025-06-02,8
2025-06-04,5
2025-06-12,8
2025-06-13,9
2025-06-24,8
2025-06-26,5
2025-07-03,6
2025-07-09,3
2025-07-30,6
2025-08-01,9
2025-08-06,8
2025-08-19,7
2025-08-21,8
2025-08-22,5
2025-08-25,8
2025-08-26,5
2025-08-29,6
2025-09-05,5
2025-09-16,6
2025-09-17,5
2025-09-24,9
2025-09-30,8
2025-10-10,7
2025-10-24,8
2025-10-27,7
2025-10-30,8
2025-11-11,9
2025-11-12,8
2025-11-20,7
2025-12-03,4
2025-12-04,5
2025-12-09,4
2025-12-10,1
2026-01-12,2
2026-01-13,3
2026-02-25,6
2026-02-26,3
2026-03-03,6
2026-03-12,9
2026-03-20,6
2026-04-13,3
2026-04-24,6
2026-04-27,3
2026-04-28,6
2026-04-30,3
2026-05-04,6
2026-05-06,3
2026-05-12,6
2026-05-19,9
2026-05-20,6
2026-05-26,3
2026-06-10,2
2026-06-16,1
2026-07-14,2
2026-07-16,1
2026-07-20,2
2026-07-23,3
2026-07-27,2
2026-08-05,1
2026-08-07,2
