candidate,baseline,role,period,annualized_return,sharpe,sortino,calmar,maximum_drawdown,active_days,average_exposure,turnover,completed_round_trips,trade_episode_count,trade_win_rate,trade_payoff_p05,trade_payoff_median,trade_payoff_p95,top_3_positive_trades_share
non_hmm,buy_and_hold,no_hmm,final,0.2125867347124048,1.3540782713262849,2.267137476795365,1.1334799791711352,-0.1875522626062264,814,1.0,0.0,0,1,1.0,0.8638273202042532,0.8638273202042532,0.8638273202042532,1.0
non_hmm,buy_and_hold,sma200_filter,final,0.1722072157903751,1.4000294898769896,2.2716686546010028,1.68865630088527,-0.10197884300085,755,0.9275184275184276,8.0,3,5,0.8,-0.0041928012766978,0.0942349394375117,0.3034262462062819,0.9671411811427372
non_hmm,trend_100,no_hmm,final,0.1790749685855812,1.5407187086021472,2.496314921229928,2.1188778360471585,-0.0845140600081276,701,0.8611793611793612,12.0,5,7,0.7142857142857143,-0.0187782407041985,0.0879550054793416,0.1830805155033514,0.7697880637984201
non_hmm,momentum_63,no_hmm,final,0.1574313612100246,1.3983904450016518,2.246160243658068,1.8729322867410207,-0.0840560880521535,682,0.8378378378378378,18.0,8,10,0.4,-0.0173427392106403,-0.0031182780554002,0.2496264946569463,0.922606875556325
k3_baseline,buy_and_hold,size_modifier,final,0.1008572406219294,1.2725139847149194,1.985802445667044,1.439819573035718,-0.0700485272674005,814,0.5369534098244306,12.000032814015295,0,1,1.0,0.3639478463702399,0.3639478463702399,0.3639478463702399,1.0
k8_baseline_er_downside,buy_and_hold,defensive_switch,final,0.1453627210967796,1.3706873766969236,2.2164909190444577,1.7394597781971814,-0.0835677392020165,646,0.7936117936117936,30.0,14,16,0.4375,-0.0300946121977165,-0.0046824732271392,0.1762662018195833,0.7051379173017527
k8_baseline_er_downside,trend_100,size_modifier,final,0.0715035870786804,1.190918033013035,1.7012479885807683,1.7426248076760251,-0.041032118195332,701,0.415934662631055,23.617826180033543,5,7,0.5714285714285714,-0.004705012217619,0.0242684606607088,0.1209097658954957,0.9011596593603636
k8_baseline_er_downside,trend_100,defensive_switch,final,0.1216764713275593,1.199177879741055,1.9001147982402933,1.456022054556471,-0.0835677392020164,630,0.773955773955774,30.0,14,16,0.4375,-0.0300946121977165,-0.0046824732271392,0.1466624643560459,0.6778771777924723
k8_baseline_er_downside,momentum_63,defensive_switch,final,0.0858508446493597,0.8974925893452439,1.386489433244667,0.9833403920168494,-0.0873053170055163,609,0.7481572481572482,40.0,19,21,0.3333333333333333,-0.0265898062521539,-0.0056516976353735,0.1229234693615972,0.6779344029734964
