scope,dimension,checkpoint,progress_q,eff_q,markets,pooled_n,future_net_atr_eq_market_mean,future_net_atr_eq_market_median,future_mfe_atr_eq_market_mean,future_mfe_atr_eq_market_median,future_mae_atr_eq_market_mean,future_mae_atr_eq_market_median,future_plus2_eq_market_mean,future_plus2_eq_market_median,future_plus4_eq_market_mean,future_plus4_eq_market_median,remaining_bars_eq_market_mean,remaining_bars_eq_market_median
all,progress,5,1.0,,9,296,0.272962643754166,0.274915972553955,2.8693383558564514,2.310357783267399,1.358167894746627,1.082315040361962,0.3252721097507281,0.3333333333333333,0.22543623533617377,0.21428571428571427,18.29757321514629,17.8
all,progress,5,2.0,,9,292,0.49845812714335966,0.2013543279261258,3.989008813317407,3.0122217121351653,1.8868043107894098,1.6521752738402189,0.39889575595296275,0.4,0.22819482588035595,0.2222222222222222,26.65814154072854,25.263157894736842
all,progress,5,3.0,,9,291,1.0060254132551396,0.6274206164655126,5.016855459013522,3.6922698838375785,2.1481429169871256,1.889948370538943,0.48869871794871794,0.5,0.36730589150808625,0.3548387096774194,36.27840573332552,34.41935483870968
all,progress,5,4.0,,9,292,-0.20113847221325536,0.4081542199835491,4.182375632691454,3.272181634402393,2.7337702809634997,2.1048959619330333,0.5040289748897856,0.5,0.3441939658243597,0.3333333333333333,36.863756613756615,34.666666666666664
all,progress,5,5.0,,9,296,1.698781883908886,1.3467661407140373,7.7776412735007855,5.615186672467768,3.063486106769255,2.261414082454152,0.6135294117647059,0.6190476190476191,0.4723177611965848,0.4666666666666667,45.96315328746166,41.88
all,efficiency,5,,1.0,9,296,0.3822576320724514,0.274915972553955,2.955214945202757,2.310357783267399,1.3279245999288174,1.082315040361962,0.2941575620127777,0.3,0.19734126984126985,0.18181818181818182,18.77858728535822,17.8
all,efficiency,5,,2.0,9,292,0.18743575263715752,-0.1489164426668761,3.575287486914652,2.9687255603896174,1.8997685357359247,1.7471242671420795,0.4326671476717224,0.4166666666666667,0.2624861121221023,0.25,26.32338993228226,25.2
all,efficiency,5,,3.0,9,291,1.1124537334388445,0.6274206164655126,5.335858292012792,3.6922698838375785,2.2439164523584127,1.889948370538943,0.5122717728925135,0.5,0.3696390289445902,0.3548387096774194,35.525587603161934,34.41935483870968
all,efficiency,5,,4.0,9,292,0.1188968497656292,0.4081542199835491,5.016165383962525,3.272181634402393,2.941683639299377,2.2684796894859864,0.48849424519987284,0.5,0.3788011695906433,0.375,39.410633408522295,36.375
all,efficiency,5,,5.0,9,296,1.4598558350994258,1.3467661407140373,6.947457123878434,5.615186672467768,2.7809144849475144,2.261414082454152,0.6025958103831889,0.6190476190476191,0.4297161881740334,0.4444444444444444,44.01677306259388,41.88
all,joint,5,1.0,1.0,9,240,0.36353485226304793,0.3976118679039611,2.8598790538338994,2.189574167760658,1.3108329297624578,1.082315040361962,0.3142780781032001,0.3,0.19667745803357313,0.18181818181818182,18.11335908194527,17.454545454545453
all,joint,5,1.0,2.0,9,55,-0.0226480480632151,-0.23903020988762877,3.044672817342916,2.5070888488773423,1.518904162061852,1.089878704076904,0.3854938271604938,0.4,0.33580246913580247,0.3333333333333333,20.017283950617285,17.8
all,joint,5,1.0,3.0,1,1,7.500890203636387,7.500890203636387,12.236088045162508,12.236088045162508,1.9943075068797278,1.9943075068797278,1.0,1.0,1.0,1.0,73.0,73.0
all,joint,5,2.0,1.0,9,56,0.4144098426702711,0.1663360524810867,3.463798590427614,2.5163219143139886,1.5174882696474222,1.4377750955792766,0.22698412698412698,0.25,0.16845238095238096,0.16666666666666666,21.590035273368608,20.833333333333332
all,joint,5,2.0,2.0,9,212,0.3890479133597731,0.2013543279261258,3.8190366777089828,2.9587918306312547,1.8673740090177732,1.6521752738402189,0.4349971515724937,0.4444444444444444,0.2471488408416513,0.25,27.615385882815463,25.263157894736842
all,joint,5,2.0,3.0,9,24,0.11791384958450491,-0.23776262514439378,5.399422355166533,3.3137288526919524,3.008728854114006,1.8320949143563885,0.3962962962962963,0.3333333333333333,0.2925925925925926,0.3333333333333333,25.081481481481482,23.666666666666668
all,joint,5,3.0,2.0,9,25,-0.5066249531973851,-0.680502008155496,3.4696236020262773,2.675693662789836,3.1402025608644616,2.003521564470534,0.5740740740740741,0.5,0.5037037037037037,0.5,40.11851851851852,37.0
all,joint,5,3.0,3.0,9,225,1.3376606420663234,0.7000456292508878,5.286696385608595,3.9089850071661444,2.112908058923769,1.889948370538943,0.4951363847373828,0.5,0.35761170731707314,0.3548387096774194,36.18853004535147,34.41935483870968
all,joint,5,3.0,4.0,9,35,0.004603907318396706,-0.04751714405111099,4.07215600902773,3.3937303238818867,1.7648812894846478,1.2811389483837753,0.3830687830687831,0.4,0.24761904761904763,0.25,40.776455026455025,43.0
all,joint,5,3.0,5.0,5,6,1.4582848491984202,1.138612010089004,4.283494420372312,3.7557464195052575,2.3488141815260666,1.4341657989327317,0.5,0.5,0.2,0.0,31.5,31.0
all,joint,5,4.0,3.0,9,40,-0.403914945710866,-0.624215736102752,4.333035806999101,3.113103014993712,1.9576932941159395,1.3840083725071095,0.6648148148148149,0.6666666666666666,0.48253968253968255,0.5,35.76296296296296,31.666666666666668
all,joint,5,4.0,4.0,9,181,-0.17618098192937722,0.36850582621204597,4.452966119849827,3.3618727060057087,2.8016868319742647,2.2684796894859864,0.4849009877294119,0.5,0.3377763482794252,0.3333333333333333,37.36679300400113,34.666666666666664
all,joint,5,4.0,5.0,9,71,-0.22102174959803025,-0.20481522143730163,3.362443995918132,2.5509096013673786,3.3485911216735843,2.6360410631685374,0.4722501350611451,0.42857142857142855,0.28695238095238095,0.25,37.13597058565293,32.95238095238095
all,joint,5,5.0,3.0,1,1,-6.80580775554436,-6.80580775554436,1.5028951468161795,1.5028951468161795,8.344087089261693,8.344087089261693,0.0,0.0,0.0,0.0,8.0,8.0
all,joint,5,5.0,4.0,9,76,0.4034400061052026,0.047530043366954596,6.017342234045136,4.878112167776033,3.177072353067851,2.029902705113356,0.5362033887489105,0.5,0.40224867724867723,0.4,42.143375844331305,38.5
all,joint,5,5.0,5.0,9,219,1.9661044440921019,1.4590973426785672,8.15847198082741,6.347469241591305,3.026527134872075,2.2628550634455007,0.646524663677647,0.6666666666666666,0.49646039896640825,0.5,46.904406307977735,43.857142857142854
all,progress,10,1.0,,9,246,0.5119908288288985,0.3782504455296626,3.137586365012074,2.432407670660127,1.3801936397977745,1.1361284463205967,0.30090262212981564,0.29411764705882354,0.1933813828532848,0.18518518518518517,16.955819812316704,16.352941176470587
all,progress,10,2.0,,9,244,0.0496412677791391,-0.036435286069654565,3.3392746039015083,2.640928576071091,1.9125658046855415,1.8113794205420304,0.38587301587301586,0.3888888888888889,0.2767260523153506,0.2857142857142857,28.48390521003966,25.833333333333332
all,progress,10,3.0,,9,246,0.4494354774849693,0.32857431408061187,4.5260014439862,3.5264885652885575,2.299692598530648,2.0242911519074175,0.48590634064547105,0.5,0.30872110788945197,0.29411764705882354,36.269604236914165,35.411764705882355
all,progress,10,4.0,,9,244,1.2378923104318016,0.49425689296607956,6.14199288899784,4.681579976504315,2.5937332534351734,2.132185928373048,0.5811949561949562,0.5769230769230769,0.39890946502057614,0.4,41.961570930441695,39.92307692307692
all,progress,10,5.0,,9,248,0.9461588321465394,0.7996327431547388,7.418719813675033,5.787646261121605,3.575604052969232,2.773522599061084,0.5899387122693765,0.6,0.4272864437797679,0.42857142857142855,44.42827095016217,41.357142857142854
all,efficiency,10,,1.0,9,246,0.317145197093152,0.3782504455296626,2.811169490406998,2.432407670660127,1.4151632492290308,1.1361284463205967,0.285019570707644,0.29411764705882354,0.18375767625684773,0.18518518518518517,16.845725980825245,16.352941176470587
all,efficiency,10,,2.0,9,244,0.20582706505519785,-0.036435286069654565,3.686608611509024,2.640928576071091,1.9383908825229535,1.8113794205420304,0.406014982680274,0.3888888888888889,0.29051417474793946,0.2857142857142857,28.503507903412784,25.833333333333332
all,efficiency,10,,3.0,9,246,1.1613712555760885,0.32857431408061187,5.536735619551658,3.5264885652885575,2.3844287560824285,2.0242911519074175,0.510764094512138,0.5,0.3323632165601017,0.29411764705882354,38.53169014910707,35.411764705882355
all,efficiency,10,,4.0,9,244,0.5197255235353537,0.49425689296607956,5.510029611403486,4.681579976504315,2.800377537979715,2.132185928373048,0.536031746031746,0.5769230769230769,0.37614506172839505,0.4,39.49620216613354,39.92307692307692
all,efficiency,10,,5.0,9,248,0.9797900001847281,0.7996327431547388,7.014836318310125,5.787646261121605,3.228915093177113,2.773522599061084,0.6053328920886728,0.6,0.4222789656277544,0.42857142857142855,44.6996147449406,41.357142857142854
all,joint,10,1.0,1.0,9,221,0.42843108267640784,0.3782504455296626,2.9383694408895656,2.405857596909846,1.3369667744949698,1.1361284463205967,0.294496077372875,0.29411764705882354,0.1862223781676413,0.18518518518518517,16.305277691647053,16.352941176470587
all,joint,10,1.0,2.0,9,25,2.004175268882642,0.6059718211532625,5.743153050319977,2.705749049173683,2.1599872861858813,1.4264390365032135,0.3888888888888889,0.3333333333333333,0.32175925925925924,0.25,25.064814814814813,22.333333333333332
all,joint,10,2.0,1.0,9,25,-0.9173390671875269,-0.5298264514884046,1.306055128703967,1.308104535192179,2.374631887206086,1.7014602874080773,0.16666666666666666,0.16666666666666666,0.08333333333333333,0.0,19.26851851851852,17.5
all,joint,10,2.0,2.0,9,214,0.12130047486121127,-0.036435286069654565,3.521211906874848,2.640928576071091,1.8800940873862814,1.8113794205420304,0.40503663003663006,0.3888888888888889,0.2917475800384157,0.2857142857142857,28.95734004790207,25.833333333333332
all,joint,10,2.0,3.0,4,5,-0.5947438142489003,-0.7602283386620642,2.2028874075695986,1.3303615344391222,2.472671048746775,1.7106294811207188,0.25,0.25,0.25,0.25,32.5,32.0
all,joint,10,3.0,2.0,4,5,-3.0819061672064973,-3.2038017598197033,3.469743834620272,2.1878580249299384,5.804330832464581,4.544540731724535,0.5,0.5,0.5,0.5,27.375,27.0
all,joint,10,3.0,3.0,9,189,0.751604732757849,0.32857431408061187,5.044939606153402,3.5264885652885575,2.274738772593843,2.0242911519074175,0.5137170572696889,0.5,0.3229493973567563,0.29411764705882354,37.703696827865164,35.411764705882355
all,joint,10,3.0,4.0,9,47,-0.2896633170965749,-0.03628158478952283,2.8485268223604823,2.1532276544022253,2.199249939067373,1.824019951943944,0.4465167548500882,0.4,0.2575396825396825,0.25,31.08536155202822,28.733333333333334
all,joint,10,3.0,5.0,3,5,-1.6376899775425238,-1.9136438517803005,2.156165310588805,1.8002676578089223,4.3710355506930345,3.0982458766137593,0.1111111111111111,0.0,0.0,0.0,27.777777777777775,26.666666666666668
all,joint,10,4.0,3.0,9,49,4.898065296977583,2.0541041418676163,9.943329200239297,6.423151885978663,1.927590646804369,1.716814293079145,0.6259018759018759,0.6666666666666666,0.43134920634920636,0.4,49.80980376574104,45.733333333333334
all,joint,10,4.0,4.0,9,125,0.8815503286169352,0.49425689296607956,5.812441237955382,4.681579976504315,2.8150240609347147,2.132185928373048,0.5838171648053363,0.5769230769230769,0.4096643518518518,0.4,40.38850370436396,39.92307692307692
all,joint,10,4.0,5.0,9,70,0.8923280201380658,0.30725276618694343,5.569408401295984,3.4046931065734933,2.8656539632994437,2.426491533222639,0.6031986531986532,0.6,0.39836002886002886,0.4,44.251459115814744,40.4
all,joint,10,5.0,3.0,3,3,-4.248881718568381,-4.653677685355201,0.8179927159757092,0.7311582560344399,5.033491478666449,4.978103001295656,0.3333333333333333,0.0,0.0,0.0,25.666666666666668,23.0
all,joint,10,5.0,4.0,9,72,0.9321106251285595,0.5996279245058078,7.088861736864544,5.526254882091785,3.325994725621038,2.853581174125516,0.5476600985228437,0.5454545454545454,0.40665408057134623,0.4,44.58746384479718,40.81818181818182
all,joint,10,5.0,5.0,9,173,1.1470404975262973,1.035278094827107,7.713633067066057,6.021660030151212,3.651705535266673,2.773522599061084,0.6168962372853627,0.625,0.4379189909351203,0.42857142857142855,45.20705785087615,42.857142857142854
2010-2014,progress,5,1.0,,9,52,-0.44853900457108295,-0.4205183708182946,2.156878955902005,1.761078697591588,0.8041131622356296,0.7502749654119081,0.35185185185185186,0.3333333333333333,0.2222222222222222,0.25,15.753968253968253,13.833333333333334
2010-2014,progress,5,2.0,,9,56,0.08014330701270397,-0.25090651995688144,4.321407121911194,2.7476326687300467,2.329829788279824,1.5574647076987845,0.337037037037037,0.3333333333333333,0.11851851851851852,0.0,27.646296296296295,20.25
2010-2014,progress,5,3.0,,9,48,1.5570229209996512,0.41257938925920255,5.420780309278026,4.455976185596167,1.6303006384319648,1.5254905868069448,0.4222222222222222,0.5,0.3638888888888889,0.375,42.68888888888889,43.0
2010-2014,progress,5,4.0,,9,30,-2.2843427190987907,-0.22915830769287288,2.283968268091445,1.7992057132527776,3.1793964181159825,2.169886944015553,0.3111111111111111,0.3333333333333333,0.17777777777777778,0.0,27.31851851851852,20.0
2010-2014,progress,5,5.0,,9,46,-0.30427788283265483,0.29380295870916473,5.552140821563973,4.803301569204107,2.491223352390948,2.045889669706069,0.6707669616519174,0.6666666666666666,0.5236772486772487,0.5,45.20004435117328,41.5
2010-2014,efficiency,5,,1.0,9,58,0.4476938299227893,0.15992666620871096,3.2988381544767775,2.5509828680576887,0.7084845204632801,0.7502749654119081,0.3238095238095238,0.3333333333333333,0.23333333333333334,0.25,17.226190476190474,14.833333333333334
2010-2014,efficiency,5,,2.0,9,53,-1.837902676479248,-0.40480279176992006,2.9630110703803325,2.305448235039117,2.2558053277662728,1.5574647076987845,0.36574074074074076,0.3333333333333333,0.1259259259259259,0.0,26.74537037037037,20.25
2010-2014,efficiency,5,,3.0,9,55,0.8963358143037661,0.3140138205509767,4.918913981769249,3.710542878440485,2.3343884382041193,1.5254905868069448,0.44814814814814813,0.5,0.3166666666666667,0.375,38.0462962962963,43.0
2010-2014,efficiency,5,,4.0,9,33,-0.04045176019180557,-0.14049954437431448,3.090804576082411,2.595324033646595,3.26096195132404,2.169886944015553,0.3666666666666667,0.3333333333333333,0.2111111111111111,0.0,33.01759259259259,20.0
2010-2014,efficiency,5,,5.0,9,44,-1.037569474296445,-0.16364445842464855,4.425231503005659,4.328076617531389,1.9790868620032067,2.045889669706069,0.6247795414462082,0.6666666666666666,0.4326289682539682,0.5,38.82636684303351,41.5
2010-2014,joint,5,1.0,1.0,9,43,-0.806866277190532,-0.4205183708182946,2.0298060507793943,1.761078697591588,0.7713815068605678,0.7502749654119081,0.3333333333333333,0.3333333333333333,0.2222222222222222,0.25,15.555555555555555,13.833333333333334
2010-2014,joint,5,1.0,2.0,4,9,3.769255464563753,1.856916615499609,6.069054050297441,3.2495753040917557,0.7228454922437844,1.2300413532378883,0.5,0.5,0.3333333333333333,0.25,22.583333333333332,21.0
2010-2014,joint,5,2.0,1.0,4,9,2.0624493089414336,1.3019979232291744,4.434250149075451,3.4365634121330735,1.0199379670437956,1.0457793742138148,0.5,0.5,0.25,0.25,25.75,23.5
2010-2014,joint,5,2.0,2.0,9,45,-1.2533473717214737,-0.25090651995688144,4.231841432719107,2.7476326687300467,2.4355980839126425,1.5574647076987845,0.3111111111111111,0.3333333333333333,0.08888888888888889,0.0,28.08888888888889,20.25
2010-2014,joint,5,2.0,3.0,2,2,-4.242569880091073,-4.242569880091073,4.458513888949641,4.458513888949641,5.401083769040713,5.401083769040713,0.0,0.0,0.0,0.0,20.0,20.0
2010-2014,joint,5,3.0,2.0,4,4,-0.7618221883855591,-0.8493513919778021,2.069746114010199,1.7013025152131545,3.014594653348744,2.874797328276045,0.5,0.5,0.5,0.5,39.25,37.0
2010-2014,joint,5,3.0,3.0,9,36,1.9797871685913547,0.41257938925920255,5.606539236639833,4.455976185596167,1.4557109364369792,1.5254905868069448,0.4444444444444444,0.5,0.3611111111111111,0.375,42.629629629629626,43.0
2010-2014,joint,5,3.0,4.0,4,8,-0.48885690871982414,-0.7195643889097577,5.191259032178773,2.790412317408684,1.9856599338364416,1.239852813497229,0.625,0.5,0.5,0.5,50.0,50.0
2010-2014,joint,5,4.0,3.0,2,2,-0.2197195682697326,-0.2197195682697326,6.97850398581767,6.97850398581767,1.809415709412036,1.809415709412036,0.5,0.5,0.5,0.5,57.5,57.5
2010-2014,joint,5,4.0,4.0,9,23,-2.3916431530240195,-0.22915830769287288,2.242882315106766,1.7992057132527776,3.256666840140273,2.169886944015553,0.2777777777777778,0.3333333333333333,0.1111111111111111,0.0,26.074074074074073,20.0
2010-2014,joint,5,4.0,5.0,4,5,-1.9778994941874684,-1.9778994941874684,4.0243252233352,3.7785005684070976,3.011918390099556,2.737256635386943,0.625,0.625,0.375,0.375,30.5,30.5
2010-2014,joint,5,5.0,4.0,4,4,5.500337777978799,5.500337777978799,10.18828278238493,10.18828278238493,1.8937098397871927,1.8937098397871927,0.75,0.75,0.75,0.75,56.75,56.75
2010-2014,joint,5,5.0,5.0,9,42,-0.3936887074432802,0.29380295870916473,5.329263329104269,4.803301569204107,2.546658388303137,2.045889669706069,0.6619769119769119,0.6666666666666666,0.4914021164021164,0.5,44.88392857142857,41.5
2010-2014,progress,10,1.0,,9,42,-1.3828164271035838,-0.8332387016512884,2.5395677929293893,2.266187355168054,1.0123173539344398,0.9152571098807334,0.25,0.25,0.16666666666666666,0.16666666666666666,15.162037037037036,13.5
2010-2014,progress,10,2.0,,9,40,-0.8457717471246918,-0.3788791663269027,4.469073054303866,2.959164544596294,2.472569719756927,1.7980174424188653,0.2685185185185185,0.25,0.21296296296296297,0.25,29.10185185185185,22.5
2010-2014,progress,10,3.0,,9,33,1.2365071505710443,0.3140138205509767,4.974107848512811,4.325825060659184,2.019292249042806,1.7321183744994162,0.4722222222222222,0.5,0.3472222222222222,0.375,43.71296296296296,45.5
2010-2014,progress,10,4.0,,9,41,-0.5132414458893277,-0.44992627764868896,5.663695847845583,4.665855270686539,3.261328434413258,2.762787018770643,0.49166666666666664,0.5,0.3,0.25,40.87222222222222,38.0
2010-2014,progress,10,5.0,,9,35,-0.6942271985110497,0.4537075090253527,7.41825463007259,6.302119868368349,3.271755011851066,2.310454520141803,0.6481481481481481,0.6666666666666666,0.48148148148148145,0.5,46.63584656084656,43.75
2010-2014,efficiency,10,,1.0,9,41,-0.31793027453817055,-0.1182134910676742,4.721391620426436,3.418605452073273,0.908518210964372,0.9152571098807334,0.25277777777777777,0.25,0.18055555555555555,0.16666666666666666,17.37037037037037,13.5
2010-2014,efficiency,10,,2.0,9,44,-3.3620019506685657,-0.6699638530336519,3.0622776994220287,2.4492297836114014,2.2127864503063047,1.7980174424188653,0.3148148148148148,0.25,0.25925925925925924,0.25,29.212962962962962,22.5
2010-2014,efficiency,10,,3.0,9,34,2.2269321083311313,0.3140138205509767,5.985105788918367,4.325825060659184,2.050428162465831,1.7321183744994162,0.5,0.5,0.3472222222222222,0.375,47.99074074074074,45.5
2010-2014,efficiency,10,,4.0,9,32,0.14533120807017985,-0.44992627764868896,5.383688116818062,4.665855270686539,3.780265622622322,2.762787018770643,0.48055555555555557,0.5,0.3277777777777778,0.25,41.12222222222222,38.0
2010-2014,efficiency,10,,5.0,9,40,-1.440082291947043,-0.7912622568372898,7.421026516891821,6.302119868368349,3.279612258892489,2.310454520141803,0.6302910052910053,0.6666666666666666,0.3853174603174603,0.5,41.984656084656086,43.75
2010-2014,joint,10,1.0,1.0,9,36,-1.588301797148538,-0.8332387016512884,2.4606541204288083,2.266187355168054,1.0208878571170368,0.9152571098807334,0.25,0.25,0.16666666666666666,0.16666666666666666,14.689814814814815,13.5
2010-2014,joint,10,1.0,2.0,4,6,0.45086469114615274,0.45086469114615274,4.578784346441965,4.578784346441965,0.4993103838474451,0.4993103838474451,0.5,0.5,0.25,0.25,30.5,30.5
2010-2014,joint,10,2.0,1.0,4,5,0.15933625432835838,-0.2197195682697326,0.42157738436039555,0.34934780847785194,0.1794818286832418,0.1514885283360724,0.0,0.0,0.0,0.0,9.5,9.5
2010-2014,joint,10,2.0,2.0,9,33,-0.9282217195215083,-0.3788791663269027,4.399061753301144,2.959164544596294,2.5489821590851076,1.7980174424188653,0.2777777777777778,0.25,0.2222222222222222,0.25,30.01851851851852,22.5
2010-2014,joint,10,2.0,3.0,1,2,-4.242569880091073,-4.242569880091073,4.458513888949641,4.458513888949641,5.401083769040713,5.401083769040713,0.0,0.0,0.0,0.0,20.0,20.0
2010-2014,joint,10,3.0,2.0,1,1,-6.351558917841752,-6.351558917841752,2.1651608689512397,2.1651608689512397,8.358196646782403,8.358196646782403,0.0,0.0,0.0,0.0,22.0,22.0
2010-2014,joint,10,3.0,3.0,9,28,1.5298357639537886,0.3140138205509767,5.200694075680623,4.325825060659184,1.7139271504963337,1.7321183744994162,0.5,0.5,0.375,0.375,45.48148148148148,45.5
2010-2014,joint,10,3.0,4.0,3,4,-1.1077310788114165,-0.23242628176524864,3.729226985835918,2.803376199125761,3.757567455802539,1.956588605570902,0.16666666666666666,0.0,0.0,0.0,25.333333333333332,22.0
2010-2014,joint,10,4.0,3.0,3,4,10.528175914116773,10.528175914116773,14.749363551804695,14.749363551804695,1.759415709412036,1.759415709412036,0.75,0.75,0.75,0.75,78.5,78.5
2010-2014,joint,10,4.0,4.0,9,30,-1.3694957489572498,-0.44992627764868896,5.679982506119509,4.665855270686539,3.572184917466814,2.762787018770643,0.4444444444444444,0.5,0.2222222222222222,0.25,38.351851851851855,38.0
2010-2014,joint,10,4.0,5.0,3,7,-0.9511558768514862,-0.9511558768514862,4.714883942010611,4.714883942010611,3.7994064285734767,3.7994064285734767,0.5,0.5,0.5,0.5,33.833333333333336,33.833333333333336
2010-2014,joint,10,5.0,4.0,3,3,4.039697957131435,3.2577235782351483,9.871799544544894,6.548236236849296,1.4014296586965084,1.395163103706899,0.6666666666666666,0.5,0.6666666666666666,0.5,55.0,55.0
2010-2014,joint,10,5.0,5.0,9,32,-0.7681908081122294,0.4537075090253527,7.29414127024598,6.302119868368349,3.4463186492273307,2.310454520141803,0.6455026455026455,0.6666666666666666,0.4603174603174603,0.5,45.80291005291005,43.75
2015-2019,progress,5,1.0,,9,56,-0.04808495828879371,-0.14497981212386774,3.728710398025996,2.3730795414585276,1.5182338975081318,1.1383552502041244,0.3425925925925926,0.3333333333333333,0.17592592592592593,0.16666666666666666,24.61111111111111,24.5
2015-2019,progress,5,2.0,,9,53,0.8401998218990485,0.6672192160769437,4.557189221773033,3.067194926592319,2.4653529824115177,1.7327693941534684,0.48703703703703705,0.5,0.31851851851851853,0.3333333333333333,35.57037037037037,34.5
2015-2019,progress,5,3.0,,9,50,0.4603994109857396,0.560416724383888,4.279889513173117,3.480701343133436,2.6411431619024664,2.199817747618369,0.4888888888888889,0.5,0.3416666666666667,0.3333333333333333,36.59444444444444,37.0
2015-2019,progress,5,4.0,,9,64,0.5477730397918303,0.9445009107368385,3.509891477965302,2.339852529948973,2.3952395194835347,1.7527781746994636,0.5069444444444444,0.5,0.35555555555555557,0.3333333333333333,31.32037037037037,31.0
2015-2019,progress,5,5.0,,8,39,0.011609805344777228,0.39797207274539274,5.896166171547038,4.237060208174565,3.2963220149963644,2.969531481132824,0.49492385786813495,0.5,0.3719251336898396,0.375,48.146201814058954,46.5
2015-2019,efficiency,5,,1.0,9,68,-0.41032753067704515,-0.25933955414501524,2.7772322523021576,2.3730795414585276,1.3311533560683372,1.1383552502041244,0.28217592592592594,0.3333333333333333,0.14375,0.16666666666666666,23.444444444444443,24.5
2015-2019,efficiency,5,,2.0,9,56,0.7557652201233172,0.45281093572673435,4.561226495330272,3.067194926592319,2.2856549548981745,1.7327693941534684,0.5259259259259259,0.5,0.3162037037037037,0.3333333333333333,35.17962962962963,34.5
2015-2019,efficiency,5,,3.0,9,46,0.8693412245215441,0.6078446984894852,4.189582622063254,3.480701343133436,2.8081214288193213,2.199817747618369,0.5069444444444444,0.5,0.3472222222222222,0.3333333333333333,37.06944444444444,37.0
2015-2019,efficiency,5,,4.0,9,42,0.35105853726506646,0.5948297771228967,4.305837048628024,2.829078511358611,2.4126959776280983,1.7527781746994636,0.5361111111111111,0.5,0.3740740740740741,0.3333333333333333,36.52037037037037,31.0
2015-2019,efficiency,5,,5.0,9,50,0.3955087330897165,0.6936893860298761,5.545256524568441,4.237060208174565,2.6198950599469437,2.969531481132824,0.5921367521367521,0.5,0.39560185185185183,0.375,48.51358024691358,46.5
2015-2019,joint,5,1.0,1.0,9,47,-0.22222234548881575,-0.14497981212386774,3.358424565879746,2.3730795414585276,1.5129152962455602,1.1383552502041244,0.3333333333333333,0.3333333333333333,0.16666666666666666,0.16666666666666666,24.555555555555557,24.5
2015-2019,joint,5,1.0,2.0,5,9,0.44148266141507656,0.44148266141507656,5.459594018427501,5.459594018427501,1.3217087963613576,1.3217087963613576,0.4666666666666667,0.4666666666666667,0.26666666666666666,0.26666666666666666,26.2,26.2
2015-2019,joint,5,2.0,1.0,6,10,-0.023436299320443445,0.0008105658979602077,2.762667138725149,2.228144555368404,1.4974748845649142,1.232435020454575,0.2333333333333333,0.25,0.11666666666666667,0.125,23.5,23.5
2015-2019,joint,5,2.0,2.0,9,40,0.6538561874707857,0.6672192160769437,4.5517520697025,3.067194926592319,2.554891326804654,1.7327693941534684,0.5333333333333333,0.5,0.35555555555555557,0.3333333333333333,38.166666666666664,34.5
2015-2019,joint,5,2.0,3.0,2,3,6.650481049790639,6.650481049790639,11.847238128792002,11.847238128792002,0.24914955928457974,0.24914955928457974,0.5,0.5,0.0,0.0,23.0,23.0
2015-2019,joint,5,3.0,2.0,3,3,-2.634265967956098,-2.634265967956098,2.6202117205161237,2.6202117205161237,5.506662465924756,5.506662465924756,0.3333333333333333,0.3333333333333333,0.0,0.0,29.0,29.0
2015-2019,joint,5,3.0,3.0,9,40,0.521379710757939,0.560416724383888,4.398025540371216,3.480701343133436,2.3732516425739516,2.199817747618369,0.5,0.5,0.375,0.3333333333333333,37.02777777777778,37.0
2015-2019,joint,5,3.0,4.0,5,7,0.8322948172080269,0.8322948172080269,5.356424316210624,5.356424316210624,2.253808153521221,2.253808153521221,0.4,0.4,0.4,0.4,42.4,42.4
2015-2019,joint,5,4.0,3.0,4,8,0.6483693236265672,0.6483693236265672,3.5171755396358504,3.5171755396358504,2.0429852940865886,2.0429852940865886,0.375,0.375,0.375,0.375,31.625,31.625
2015-2019,joint,5,4.0,4.0,9,40,0.5261632013413514,0.9445009107368385,3.5476611009121795,2.339852529948973,2.553497505147728,1.7527781746994636,0.5,0.5,0.37777777777777777,0.3333333333333333,30.444444444444443,31.0
2015-2019,joint,5,4.0,5.0,6,16,0.8494608740438023,0.8494608740438023,4.366594369696998,4.366594369696998,2.772427085780601,2.772427085780601,0.65,0.65,0.375,0.375,38.18333333333333,38.18333333333333
2015-2019,joint,5,5.0,4.0,4,6,-0.29914865602690585,-0.29914865602690585,6.3156796351455315,6.3156796351455315,3.143125123928541,3.143125123928541,0.5,0.5,0.5,0.5,51.5,51.5
2015-2019,joint,5,5.0,5.0,8,33,-0.04019743382920604,0.39797207274539274,5.837377914645692,4.237060208174565,3.363060460534755,2.969531481132824,0.49476902810236145,0.5,0.3513888888888889,0.375,47.76468253968254,46.5
2015-2019,progress,10,1.0,,8,30,-1.021948344121839,-0.677319370864771,2.5094333285428286,2.0000102324762527,1.5785064243296953,1.0440857503360838,0.2708333333333333,0.25,0.14583333333333331,0.125,17.005208333333332,16.5
2015-2019,progress,10,2.0,,9,34,0.8264238329765108,-0.0410689014863503,3.2729464741698026,2.476521632057362,2.504463462012703,1.9989538727261607,0.37777777777777777,0.3333333333333333,0.25833333333333336,0.25,30.155555555555555,30.0
2015-2019,progress,10,3.0,,8,42,0.35522112817939934,0.2273576901142078,3.362777326262672,2.8004929581651567,2.542667655726813,2.320873018691514,0.44375,0.5,0.2708333333333333,0.25,38.197916666666664,39.0
2015-2019,progress,10,4.0,,7,70,0.9588753636332868,0.5458373640131757,4.354456929225288,3.453459868650878,2.480233372352932,2.1852141811347244,0.6,0.6,0.39404761904761904,0.4,42.26190476190476,41.2
2015-2019,progress,10,5.0,,7,30,0.3020942183025255,0.5823967658678446,5.9198317525727775,4.19730959169808,3.0916810262270135,2.986810567353223,0.5000850340136055,0.5,0.28486394557823125,0.2857142857142857,51.80423094117647,51.42857142857143
2015-2019,efficiency,10,,1.0,9,33,-0.8692611865004592,-0.646641282093956,2.463595882643035,2.0000102324762527,1.772078457340053,1.0440857503360838,0.282716049382716,0.25,0.1814814814814815,0.125,20.132407407407406,16.5
2015-2019,efficiency,10,,2.0,9,35,0.626056696486123,-0.0410689014863503,3.657105434140159,2.476521632057362,2.203018273087391,1.9989538727261607,0.43333333333333335,0.3333333333333333,0.2916666666666667,0.25,32.025925925925925,30.0
2015-2019,efficiency,10,,3.0,9,35,0.4780035528831479,0.2273576901142078,3.3883213288507153,2.8004929581651567,2.5932845124262095,2.320873018691514,0.4888888888888889,0.5,0.22592592592592592,0.25,41.77777777777778,39.0
2015-2019,efficiency,10,,4.0,9,63,1.0388943229247682,0.5458373640131757,4.254242455467152,3.453459868650878,2.445150750927042,2.1852141811347244,0.5555555555555556,0.6,0.3788888888888889,0.4,39.611111111111114,41.2
2015-2019,efficiency,10,,5.0,9,40,-0.6693207700069878,0.2615145837237442,5.0025077248906275,4.19730959169808,3.3397904898736534,2.986810567353223,0.4192239858906525,0.5,0.2502645502645503,0.2857142857142857,43.544841269841266,51.42857142857143
2015-2019,joint,10,1.0,1.0,8,27,-1.3611838725318122,-0.677319370864771,2.330902975046687,2.0000102324762527,1.696371827898855,1.0440857503360838,0.2708333333333333,0.25,0.14583333333333331,0.125,16.223958333333332,16.5
2015-2019,joint,10,1.0,2.0,2,3,3.046439327401333,3.046439327401333,4.9782066098535955,4.9782066098535955,0.2754065034010453,0.2754065034010453,0.5,0.5,0.0,0.0,28.25,28.25
2015-2019,joint,10,2.0,1.0,4,6,-0.4559956538155024,-0.4559956538155024,1.3744738010088687,1.3744738010088687,2.9265839946437803,2.9265839946437803,0.125,0.125,0.0,0.0,26.625,26.625
2015-2019,joint,10,2.0,2.0,9,27,0.681801431333222,-0.0410689014863503,3.425257789232043,2.476521632057362,2.412764560851707,1.9989538727261607,0.3888888888888889,0.3333333333333333,0.28703703703703703,0.25,31.407407407407405,30.0
2015-2019,joint,10,2.0,3.0,1,1,1.2307153770018484,1.2307153770018484,4.293420881000813,4.293420881000813,1.0339072149989646,1.0339072149989646,1.0,1.0,0.0,0.0,36.0,36.0
2015-2019,joint,10,3.0,2.0,1,1,2.8544396079315574,2.8544396079315574,5.749309279528735,5.749309279528735,0.35407931330213564,0.35407931330213564,1.0,1.0,1.0,1.0,45.0,45.0
2015-2019,joint,10,3.0,3.0,8,35,0.35522112817939934,0.2273576901142078,3.362777326262672,2.8004929581651567,2.542667655726813,2.320873018691514,0.44375,0.5,0.2708333333333333,0.25,38.197916666666664,39.0
2015-2019,joint,10,3.0,4.0,5,6,1.0475897351575075,1.0475897351575075,4.425392485866471,4.425392485866471,1.2122395462809952,1.2122395462809952,0.6,0.6,0.4,0.4,47.9,47.9
2015-2019,joint,10,4.0,3.0,5,7,7.153848626346036,7.153848626346036,11.246712883157418,11.246712883157418,0.33401695702191446,0.33401695702191446,0.8,0.8,0.4,0.4,58.4,58.4
2015-2019,joint,10,4.0,4.0,7,46,0.38200844981652556,0.5458373640131757,4.011603403558682,3.453459868650878,2.8029549168839707,2.1852141811347244,0.5619047619047619,0.6,0.37857142857142856,0.4,40.84761904761905,41.2
2015-2019,joint,10,4.0,5.0,5,17,1.521492555013309,1.521492555013309,4.802306843500293,4.802306843500293,1.6826958584358528,1.6826958584358528,0.7333333333333333,0.7333333333333333,0.6666666666666666,0.6666666666666666,53.46666666666666,53.46666666666666
2015-2019,joint,10,5.0,4.0,5,8,1.6611536683886267,1.6611536683886267,8.008945481548286,8.008945481548286,2.2291330193765553,2.2291330193765553,0.7,0.7,0.45,0.45,56.96666666666667,56.96666666666667
2015-2019,joint,10,5.0,5.0,7,22,0.38792430878271956,0.5823967658678446,5.408522905605283,4.19730959169808,3.3554573365649674,2.986810567353223,0.4666666666666666,0.5,0.2392857142857143,0.2857142857142857,49.50892857142857,51.42857142857143
2020-2026,progress,5,1.0,,9,43,-0.17115549804615434,0.05748810814776234,2.2023500094674027,1.5932597704235078,1.0760128761466443,0.9108506963860744,0.47314814814814815,0.5,0.23148148148148148,0.25,13.567592592592593,12.0
2020-2026,progress,5,2.0,,9,45,-0.1415419349929539,-0.05696072761522402,4.8270427732743265,2.56627086525858,1.4750666784106783,1.0650930406305877,0.3626984126984127,0.4,0.23174603174603175,0.25,25.91111111111111,18.6
2020-2026,progress,5,3.0,,9,63,0.6540694700238828,0.17716489343381563,4.415850324374022,3.4196890087968407,2.403768842052195,1.9168176961407832,0.4208994708994709,0.42857142857142855,0.31187174479166664,0.3333333333333333,30.659435626102292,30.428571428571427
2020-2026,progress,5,4.0,,9,80,0.47767180271389235,0.6297639811636654,3.5287926853449266,2.9982092737237445,2.202995702415234,1.6343781882421869,0.37037037037037035,0.3333333333333333,0.29894179894179894,0.2857142857142857,31.992592592592594,31.0
2020-2026,progress,5,5.0,,9,51,0.6004547668959724,0.8252355102769261,4.950364963728651,4.726721004927283,2.335948004154631,1.9006350268476408,0.6124779541446209,0.6,0.3862433862433862,0.375,34.91415343915344,34.0
2020-2026,efficiency,5,,1.0,9,52,0.22331519264830885,0.05748810814776234,2.650520201226265,1.5932597704235078,0.9437211788996119,0.9108506963860744,0.45,0.5,0.24166666666666667,0.25,13.583333333333334,12.0
2020-2026,efficiency,5,,2.0,9,51,0.011425665526252149,-0.05696072761522402,4.858457756697765,2.56627086525858,1.411240018256179,1.0650930406305877,0.4261904761904762,0.4,0.25595238095238093,0.25,26.2984126984127,18.6
2020-2026,efficiency,5,,3.0,9,58,0.3522526299565646,0.17716489343381563,4.516591493207068,3.4196890087968407,2.472031438873496,1.9168176961407832,0.40634920634920635,0.42857142857142855,0.3092592592592593,0.3333333333333333,30.1484126984127,30.428571428571427
2020-2026,efficiency,5,,4.0,9,79,0.7929099784373281,0.6297639811636654,3.6589926806036663,2.9982092737237445,2.2154369805818017,1.6343781882421869,0.3615520282186949,0.3333333333333333,0.300352733686067,0.2857142857142857,32.137918871252204,31.0
2020-2026,efficiency,5,,5.0,9,66,0.13693241974398435,0.8252355102769261,4.396404509744328,4.726721004927283,2.4756113974715176,1.9006350268476408,0.6226190476190476,0.6,0.32407407407407407,0.375,34.17865961199295,34.0
2020-2026,joint,5,1.0,1.0,9,39,-0.2848957648920451,0.05748810814776234,2.2688799231190563,1.5932597704235078,1.0080673081933806,0.9108506963860744,0.4666666666666667,0.5,0.23333333333333334,0.25,13.6,12.0
2020-2026,joint,5,1.0,2.0,3,4,0.19833577437094144,0.19833577437094144,1.820588981052204,1.820588981052204,1.193281101004231,1.193281101004231,0.25,0.25,0.25,0.25,15.25,15.25
2020-2026,joint,5,2.0,1.0,3,6,1.0137933256179039,1.0137933256179039,4.161598260204293,4.161598260204293,1.0723068431088778,1.0723068431088778,0.5,0.5,0.3333333333333333,0.3333333333333333,24.0,24.0
2020-2026,joint,5,2.0,2.0,9,36,-0.22010495363220783,-0.05696072761522402,4.663024718705702,2.56627086525858,1.4262143619705915,1.0650930406305877,0.36666666666666664,0.4,0.21666666666666667,0.25,26.555555555555557,18.6
2020-2026,joint,5,2.0,3.0,3,3,-0.38679114999360705,-0.38679114999360705,5.816176975575491,5.816176975575491,2.7245471459400884,2.7245471459400884,0.3333333333333333,0.3333333333333333,0.3333333333333333,0.3333333333333333,28.0,28.0
2020-2026,joint,5,3.0,2.0,3,4,-0.3645268091328334,-0.3645268091328334,5.948037316086894,5.948037316086894,3.7443197099079033,3.7443197099079033,0.5,0.5,0.5,0.5,43.0,43.0
2020-2026,joint,5,3.0,3.0,9,49,0.7201708985132213,0.17716489343381563,4.404403022538154,3.4196890087968407,2.2385059408662487,1.9168176961407832,0.4111111111111111,0.42857142857142855,0.3,0.3333333333333333,30.555555555555557,30.428571428571427
2020-2026,joint,5,3.0,4.0,5,10,1.1515782466982633,1.1515782466982633,2.2979002041718776,2.2979002041718776,1.633557318577464,1.633557318577464,0.5,0.5,0.2,0.2,24.6,24.6
2020-2026,joint,5,4.0,3.0,4,7,-0.13718771187581252,-0.13718771187581252,3.278223049548248,3.278223049548248,2.2524526852248525,2.2524526852248525,0.5,0.5,0.375,0.375,32.75,32.75
2020-2026,joint,5,4.0,4.0,9,58,0.6549566376098753,0.6297639811636654,3.445291342252974,2.9982092737237445,2.178946485441957,1.6343781882421869,0.36296296296296293,0.3333333333333333,0.2962962962962963,0.2857142857142857,31.85185185185185,31.0
2020-2026,joint,5,4.0,5.0,5,15,-0.1422556048072295,-0.1422556048072295,3.3777702399688723,3.3777702399688723,2.645853992979176,2.645853992979176,0.6,0.6,0.3333333333333333,0.3333333333333333,32.4,32.4
2020-2026,joint,5,5.0,4.0,5,17,1.6663909451880858,1.6663909451880858,6.839166591028989,6.839166591028989,1.8029693114164634,1.8029693114164634,0.7,0.7,0.4,0.4,39.6,39.6
2020-2026,joint,5,5.0,5.0,9,34,0.5055544310533122,0.8252355102769261,4.228805722902996,4.726721004927283,2.497813373018969,1.9006350268476408,0.6055555555555555,0.6,0.37777777777777777,0.375,34.71666666666667,34.0
2020-2026,progress,10,1.0,,9,44,-0.08415997932568967,-0.13527514572357914,2.4009682507449373,1.8337944121786128,1.2426557877446042,0.9283125697692362,0.17037037037037037,0.16666666666666666,0.12962962962962962,0.125,14.148148148148149,13.0
2020-2026,progress,10,2.0,,9,41,-0.6950613187974499,-0.3582380124628544,2.6779837651181773,2.196264955331359,2.0754606325668675,1.9450983771733944,0.29074074074074074,0.3333333333333333,0.20185185185185184,0.25,27.425925925925927,25.0
2020-2026,progress,10,3.0,,9,47,0.4437186986721144,0.1301452908438934,3.2171788691094108,2.637852515417269,2.2800822725396335,2.273496808697654,0.3736111111111111,0.375,0.2833333333333333,0.25,34.67916666666667,33.0
2020-2026,progress,10,4.0,,9,86,0.9209204699205369,0.3915512760801579,4.132020569799426,3.58927776836444,2.247487440012283,1.9459255272062883,0.5069444444444444,0.5,0.3814814814814815,0.375,38.63888888888889,37.0
2020-2026,progress,10,5.0,,9,37,0.331993747328399,0.41949970750348105,5.134647125101887,4.252417746423454,2.4492264377640904,1.9006350268476408,0.6067901234567902,0.6,0.4351851851851852,0.375,42.47698357963857,41.333333333333336
2020-2026,efficiency,10,,1.0,9,53,-0.5827378567035772,-0.21494566457873006,2.519163987564651,1.8337944121786128,1.4178394585071935,0.9283125697692362,0.20925925925925926,0.16666666666666666,0.12777777777777777,0.125,14.335185185185185,13.0
2020-2026,efficiency,10,,2.0,9,46,-0.16277851049567133,-0.3582380124628544,2.7511919063695633,2.196264955331359,1.947745278250267,1.9450983771733944,0.29583333333333334,0.3333333333333333,0.2152777777777778,0.25,29.51851851851852,25.0
2020-2026,efficiency,10,,3.0,9,47,0.7508024215194907,0.1301452908438934,3.980185073479204,2.637852515417269,2.2800822725396335,2.273496808697654,0.40694444444444444,0.375,0.27361111111111114,0.25,35.170833333333334,33.0
2020-2026,efficiency,10,,4.0,9,66,0.4331474468239875,0.3915512760801579,4.083689793374885,3.58927776836444,2.205046397001268,1.9459255272062883,0.4722222222222222,0.5,0.3611111111111111,0.375,36.888888888888886,37.0
2020-2026,efficiency,10,,5.0,9,53,0.5247299687403896,0.41949970750348105,5.864638925255083,4.252417746423454,2.560111326090641,1.9006350268476408,0.42072310405643744,0.6,0.2800705467372134,0.375,40.77700881867548,41.333333333333336
2020-2026,joint,10,1.0,1.0,9,40,-0.28014618639987555,-0.13527514572357914,2.328941412008586,1.8337944121786128,1.2439776188383883,0.9283125697692362,0.16666666666666666,0.16666666666666666,0.125,0.125,13.666666666666666,13.0
2020-2026,joint,10,1.0,2.0,3,4,1.172393497856169,1.172393497856169,3.346604747397456,3.346604747397456,1.229438236804392,1.229438236804392,0.5,0.5,0.16666666666666666,0.16666666666666666,20.5,20.5
2020-2026,joint,10,2.0,1.0,3,6,-0.019985074660122875,-0.019985074660122875,1.9140260446357368,1.9140260446357368,2.024382937122566,2.024382937122566,0.16666666666666666,0.16666666666666666,0.16666666666666666,0.16666666666666666,25.166666666666668,25.166666666666668
2020-2026,joint,10,2.0,2.0,9,35,-0.7640796805550098,-0.3582380124628544,2.7626536711860286,2.196264955331359,2.084859417062605,1.9450983771733944,0.2962962962962963,0.3333333333333333,0.2037037037037037,0.25,27.814814814814813,25.0
2020-2026,joint,10,3.0,2.0,3,4,-1.627605702874036,-1.627605702874036,2.648541251620197,2.648541251620197,3.807500911085282,3.807500911085282,0.5,0.5,0.5,0.5,31.333333333333332,31.333333333333332
2020-2026,joint,10,3.0,3.0,9,37,0.39457637433339725,0.1301452908438934,3.2814143924301034,2.637852515417269,2.253272154603209,2.273496808697654,0.375,0.375,0.2777777777777778,0.25,35.30555555555556,33.0
2020-2026,joint,10,3.0,4.0,4,6,1.6243888035334684,1.6243888035334684,3.8181453469501725,3.8181453469501725,1.6183212830579275,1.6183212830579275,0.625,0.625,0.375,0.375,38.375,38.375
2020-2026,joint,10,4.0,3.0,5,8,7.003647025115036,7.003647025115036,12.250533064221673,12.250533064221673,0.3334299148489681,0.3334299148489681,0.7,0.7,0.4,0.4,55.8,55.8
2020-2026,joint,10,4.0,4.0,9,58,0.2675259661495028,0.3915512760801579,4.010949146158123,3.58927776836444,2.4426013359074345,1.9459255272062883,0.46296296296296297,0.5,0.3472222222222222,0.375,37.55555555555556,37.0
2020-2026,joint,10,4.0,5.0,5,20,1.5276151965087847,1.5276151965087847,5.247731924061867,5.247731924061867,1.7004895453269562,1.7004895453269562,0.7,0.7,0.6,0.6,47.0,47.0
2020-2026,joint,10,5.0,4.0,5,10,0.9395231261271411,0.9395231261271411,6.507689393404062,6.507689393404062,2.4680846605844165,2.4680846605844165,0.6,0.6,0.3,0.3,44.6,44.6
2020-2026,joint,10,5.0,5.0,9,27,0.22684217622057784,0.41949970750348105,4.626604369842595,4.252417746423454,2.4439991911084146,1.9006350268476408,0.6074074074074074,0.6,0.4666666666666667,0.375,41.55555555555556,41.333333333333336
