stage,stage_name,current_age,additional_horizon,markets,episodes_at_risk_total,survivor_episodes_total,equal_market_probability_remain_same,equal_market_median_survivor_move_current_atr,equal_market_mean_survivor_move_current_atr,equal_market_survivor_positive_rate,markets_survivor_median_positive,markets_survivor_median_negative
1,Accumulation,0,5,9,426,298,0.6876078279857911,0.22212151778516537,0.1959821804601092,0.5456524655071618,6,3
1,Accumulation,0,10,9,426,177,0.4115752590176937,0.07923824768705255,0.4532206175622186,0.543775036896479,6,3
1,Accumulation,0,20,9,425,87,0.19531816053815793,-0.046455261726315894,0.5475984211370313,0.4822140822140822,5,4
1,Accumulation,5,5,9,298,177,0.6036284217809905,0.1018530859240517,0.15848678913870892,0.5065256568577251,4,5
1,Accumulation,5,10,9,297,125,0.42297978444319906,0.06573050370192161,0.3795814506670467,0.5156029400488054,4,5
1,Accumulation,5,20,9,297,61,0.1960307074577962,0.4873345104367128,0.4999179359044727,0.5608024691358025,6,3
1,Accumulation,10,5,9,176,125,0.706842037890425,0.03450400012503325,0.033827540110378335,0.4964241735341479,6,3
1,Accumulation,10,10,9,176,87,0.4775452295613586,-0.4001187338958598,-0.3298458415115026,0.47298873965540633,5,4
1,Accumulation,10,20,9,176,38,0.2061721283495477,0.1326753672747344,0.20461002002722514,0.487037037037037,5,4
1,Accumulation,20,5,9,87,61,0.6922669922669923,0.08642048815346486,0.1843607327099332,0.595679012345679,6,3
1,Accumulation,20,10,9,87,38,0.43850223850223846,-0.19060933855261447,0.1438021578021793,0.46111111111111114,4,5
1,Accumulation,20,20,8,84,17,0.20366300366300366,0.3628302106170728,0.18486812921987475,0.6041666666666666,6,2
1,Accumulation,40,5,7,16,13,0.9047619047619048,0.7856619835175881,0.696672763609122,0.6785714285714286,5,2
1,Accumulation,40,10,4,7,4,0.7083333333333334,0.08090247843990661,0.08090247843990661,0.5,2,2
2,Markup,0,5,9,813,739,0.9101430861275605,0.0047503187343989235,0.05302340138632559,0.5000412700349014,4,5
2,Markup,0,10,9,813,603,0.7484129097342838,0.5814237904917896,0.7238476133256138,0.5830493013183293,9,0
2,Markup,0,20,9,809,448,0.5572014211094626,1.8996807773244155,2.2012154156679378,0.722533731535782,9,0
2,Markup,5,5,9,739,603,0.8222077073138695,0.15448085085393895,0.24398299480315055,0.5282097181071107,7,2
2,Markup,5,10,9,739,524,0.7115102049173803,0.5259899238181048,0.7223330232361709,0.5612110660155488,8,1
2,Markup,5,20,9,734,383,0.5227651376510906,1.5073041451859106,2.041987496897823,0.7002974876665257,9,0
2,Markup,10,5,9,603,524,0.8667620714988766,0.052529119258419125,0.2593169637331758,0.522918724564874,6,3
2,Markup,10,10,9,599,448,0.7465761824367023,0.4561972710084109,0.7830508972878366,0.5906149679131759,9,0
2,Markup,10,20,9,597,334,0.5579349691008914,1.609057950700982,2.0251667766108477,0.7064929766612796,9,0
2,Markup,20,5,9,447,383,0.8552429666692989,0.08351874322932751,0.12187885543207669,0.528121181742594,7,2
2,Markup,20,10,9,446,334,0.7489272246046805,0.37672988580468403,0.5422670990600809,0.5943936743251981,8,1
2,Markup,20,20,9,446,261,0.5956816430404339,0.5895021559062312,1.2196270162587772,0.6034632034632035,8,1
2,Markup,40,5,9,261,216,0.8258070119181231,-0.17710221043765262,0.014913760938701396,0.44305165417555303,4,5
2,Markup,40,10,9,261,170,0.6441531719309497,0.29464772056053795,0.6012201830389684,0.5339995897348839,4,5
2,Markup,40,20,9,261,112,0.4271979049756827,1.8093356495858468,2.1364794720672315,0.6776787482669835,8,1
3,Reaccumulation,0,5,5,16,8,0.5166666666666666,-1.1065894089511796,-1.1065894089511796,0.2,0,5
3,Reaccumulation,0,10,4,14,5,0.375,-0.5016442989141197,-0.5016442989141197,0.375,1,3
3,Reaccumulation,5,5,4,7,5,0.75,0.35610068924454885,0.35610068924454885,0.5,2,2
4,Distribution,0,5,9,412,293,0.7079615316171001,-0.27001284152472727,-0.2341451198809445,0.4302453314081221,2,7
4,Distribution,0,10,9,412,200,0.4907347319809495,-0.26302979985564506,-0.27695869407490087,0.49281895768485806,4,4
4,Distribution,0,20,9,412,89,0.2172513963157384,-0.5742074361940754,-0.6627525051409858,0.42363963197296534,4,5
4,Distribution,5,5,9,293,200,0.6944845630892142,-0.12243205400419248,-0.07417564282953668,0.5018350260495854,3,6
4,Distribution,5,10,9,293,131,0.4573566620078248,-0.375189265347499,-0.38545486738786106,0.43517544490925836,3,6
4,Distribution,5,20,9,293,58,0.20633932029280866,-0.3942304107728545,-0.7049775314529723,0.43174603174603177,3,6
4,Distribution,10,5,9,200,131,0.6591498086134101,-0.38125053829721195,-0.3511567036090909,0.3905336318009625,2,7
4,Distribution,10,10,9,200,89,0.44558577934056864,-0.5142655463425865,-0.47704028895011674,0.40434380434380435,3,6
4,Distribution,10,20,9,200,44,0.2236383724123188,-0.3709683276127366,-0.2560435312409066,0.373015873015873,2,7
4,Distribution,20,5,9,89,58,0.6752830502830504,0.304852044147837,-0.019781356263318756,0.5638007054673722,6,3
4,Distribution,20,10,9,89,44,0.5101198184531518,0.5076996948597928,0.2624779860173682,0.6246031746031746,6,3
4,Distribution,20,20,8,78,22,0.285412851037851,-1.0426366437946215,-1.094387932926665,0.4458333333333333,3,5
4,Distribution,40,5,8,22,12,0.6604166666666667,0.5306018538369585,0.5306018538369585,0.5625,5,3
4,Distribution,40,10,4,12,4,0.4875,0.23408834746555998,0.23408834746555998,0.5,2,2
4,Distribution,40,20,2,6,2,0.6,1.784922011055111,1.784922011055111,0.5,1,1
5,Markdown,0,5,9,819,736,0.9061173776889001,-0.28262694551040357,-0.30552271448848356,0.4346859690830962,1,8
5,Markdown,0,10,9,818,632,0.774709795436327,-0.7457800370841421,-0.9070127988759498,0.3448840350096243,0,9
5,Markdown,0,20,9,818,490,0.598441626903611,-1.5300880856967098,-2.400443711014834,0.27418431046685626,0,9
5,Markdown,5,5,9,735,632,0.855364575124433,-0.352223842676877,-0.3198621186100927,0.4238503469731231,1,8
5,Markdown,5,10,9,735,559,0.7529156188257075,-0.6470104987421483,-0.9500078744289837,0.3826516007701756,0,9
5,Markdown,5,20,9,735,420,0.5647036195663522,-1.6732077778294365,-2.480520734344781,0.27107730501017147,1,8
5,Markdown,10,5,9,632,559,0.8799504620094374,-0.12091258509208298,-0.4134494536254931,0.4907077790342499,3,5
5,Markdown,10,10,9,632,490,0.7718606813269525,-0.5519371202255796,-0.9421293713920574,0.41859154815197885,2,7
5,Markdown,10,20,9,632,363,0.5627345610302351,-1.686702760089096,-2.4372927314751625,0.3267742826403972,1,8
5,Markdown,20,5,9,490,420,0.8558067950465893,-0.1458370101431179,-0.185053347441041,0.4707535201799256,3,6
5,Markdown,20,10,9,490,363,0.7285089929235702,-0.6657409626805646,-0.6453379529161665,0.42415918360707866,2,7
5,Markdown,20,20,9,490,273,0.5366275798371587,-1.7613670491454316,-2.1664476991969144,0.27488460626577477,0,9
5,Markdown,40,5,9,273,239,0.8637923773110008,-0.13136573766780585,-0.15557356402213068,0.4746515303790846,2,7
5,Markdown,40,10,9,273,213,0.75871627846954,-0.31753982044879375,-0.7924986385808646,0.42902529569196235,3,6
5,Markdown,40,20,9,273,161,0.5655467797295175,-2.3865333475037573,-2.611864813989419,0.29483370002693676,0,9
6,Redistribution,0,5,2,2,2,1.0,0.47688948675298537,0.47688948675298537,0.5,1,1
6,Redistribution,0,10,1,1,1,1.0,0.4500303763432127,0.4500303763432127,1.0,1,0
6,Redistribution,5,5,1,1,1,1.0,-2.257981476049878,-2.257981476049878,0.0,0,1
