feature,information_set,orientation,scope,markets,large_n,failed_n,eq_market_mean_auc,eq_market_median_auc,markets_auc_gt_0_5,eq_market_large_median,eq_market_failed_median
e0_abs_er20,E0,1,all,9,244,894,0.5241781085769674,0.5221729490022173,6,0.24754573708439642,0.23859456259602252
e0_abs_er20,E0,1,2010-2014,5,26,58,0.5600677100677101,0.5604395604395604,4,0.262629819499041,0.22714289590696463
e0_abs_er20,E0,1,2015-2019,2,8,47,0.5007272727272727,0.5007272727272727,1,0.19090386124868794,0.2127540932645256
e0_abs_er20,E0,1,2020-2026,7,26,171,0.5765610855672968,0.5952380952380952,5,0.25453836582304407,0.22195716603948049
e0_abs_er63,E0,1,all,9,219,774,0.493557174850538,0.48089591567852435,2,0.08822884822784756,0.08419029629274123
e0_abs_er63,E0,1,2010-2014,5,24,52,0.5370566933066934,0.5757575757575758,3,0.08451824170072109,0.0684949570157414
e0_abs_er63,E0,1,2015-2019,2,8,39,0.5267543859649123,0.5267543859649123,1,0.04735486771364482,0.07590878765200701
e0_abs_er63,E0,1,2020-2026,7,26,140,0.4058095518909318,0.4,2,0.06400446603950398,0.08505946543130496
e0_abs_er126,E0,1,all,9,183,623,0.43771447252408646,0.44017094017094016,1,0.07044935777702148,0.0839564383528367
e0_abs_er126,E0,1,2010-2014,3,15,26,0.27037037037037037,0.2222222222222222,0,0.05316792501094896,0.09441801604644222
e0_abs_er126,E0,1,2015-2019,1,4,18,0.6388888888888888,0.6388888888888888,1,0.10237695950728645,0.061817915533133386
e0_abs_er126,E0,1,2020-2026,5,18,73,0.4524827174459528,0.43333333333333335,1,0.0746302399555935,0.08192283371722278
e0_dir_er20,E0,1,all,9,244,894,0.5349992564376743,0.5332594235033259,6,0.24652501731405932,0.2370787102432835
e0_dir_er20,E0,1,2010-2014,5,26,58,0.5848429348429349,0.6060606060606061,4,0.262629819499041,0.22480275152066662
e0_dir_er20,E0,1,2015-2019,2,8,47,0.5314545454545454,0.5314545454545454,1,0.19090386124868794,0.20335687952547046
e0_dir_er20,E0,1,2020-2026,7,26,171,0.5938961935235226,0.6190476190476191,5,0.25453836582304407,0.21548059550172344
e0_dir_er63,E0,1,all,9,219,774,0.5773917743221679,0.583421052631579,8,0.07564121505212895,0.047222288200665354
e0_dir_er63,E0,1,2010-2014,5,24,52,0.5782081344581345,0.5909090909090909,3,0.08167549838131304,0.04614812285708812
e0_dir_er63,E0,1,2015-2019,2,8,39,0.5793859649122808,0.5793859649122808,2,0.028699953920242174,0.03920702151638577
e0_dir_er63,E0,1,2020-2026,7,26,140,0.5222481911424858,0.49019607843137253,3,0.029712074876485507,0.05199361550888346
e0_dir_er126,E0,1,all,9,183,623,0.570408020632456,0.5635245901639344,8,0.04924224528635092,0.02984813257255263
e0_dir_er126,E0,1,2010-2014,3,15,26,0.5385802469135803,0.5555555555555556,2,0.038029524265664034,-0.0002276491180093522
e0_dir_er126,E0,1,2015-2019,1,4,18,0.4583333333333333,0.4583333333333333,0,-0.01305139627586788,0.013371718023171874
e0_dir_er126,E0,1,2020-2026,5,18,73,0.6468187531422827,0.6153846153846154,5,0.05581032045719506,0.02557879497683931
e0_disp20_atr,E0,1,all,9,244,894,0.5518399350739307,0.54272030651341,7,3.2515827236520463,2.924103943792388
e0_disp20_atr,E0,1,2010-2014,5,26,58,0.6127983127983128,0.6043956043956044,5,4.402866566603862,3.1287002284843384
e0_disp20_atr,E0,1,2015-2019,2,8,47,0.5350303030303031,0.5350303030303031,1,1.9128235850829176,2.1249440041333316
e0_disp20_atr,E0,1,2020-2026,7,26,171,0.5442011956297671,0.5476190476190477,4,2.3844789075222033,2.1694202617153553
e0_disp63_atr,E0,1,all,9,219,774,0.5916841604870826,0.5974683544303797,9,3.0100854572942928,1.7534254530217757
e0_disp63_atr,E0,1,2010-2014,5,24,52,0.5934909997409997,0.6060606060606061,4,3.5869890415858956,2.3399078551399115
e0_disp63_atr,E0,1,2015-2019,2,8,39,0.5681578947368421,0.5681578947368421,2,1.12938919140713,1.4663143883272713
e0_disp63_atr,E0,1,2020-2026,7,26,140,0.516242267241825,0.5098039215686274,4,0.9983827984964357,1.7307081768920123
e0_disp126_atr,E0,1,all,9,183,623,0.575903937693492,0.5655737704918032,9,4.280439842969948,1.9704630022229597
e0_disp126_atr,E0,1,2010-2014,3,15,26,0.566358024691358,0.6388888888888888,2,4.585232362554917,-0.4263594402537872
e0_disp126_atr,E0,1,2015-2019,1,4,18,0.4305555555555556,0.4305555555555556,0,-1.6378944009225633,1.2411279983176366
e0_disp126_atr,E0,1,2020-2026,5,18,73,0.6460875439919558,0.6153846153846154,5,3.661157236615524,1.4538946305388065
e0_escape63_atr,E0,1,all,9,219,774,0.5886304262598919,0.6040574424435833,7,-1.2338984515448068,-1.8689289169217613
e0_escape63_atr,E0,1,2010-2014,5,24,52,0.6091230528730529,0.5681818181818182,4,-0.8904510318423208,-2.140233212697922
e0_escape63_atr,E0,1,2015-2019,2,8,39,0.6859649122807017,0.6859649122807017,2,-1.459702314389224,-2.295535624745772
e0_escape63_atr,E0,1,2020-2026,7,26,140,0.5422382860640269,0.5079365079365079,4,-1.2253759883220552,-1.722969238546648
e0_escape126_atr,E0,1,all,9,183,623,0.5821020125245732,0.6012931034482759,6,-3.0642115802788754,-3.7729441165908266
e0_escape126_atr,E0,1,2010-2014,3,15,26,0.7345679012345679,0.7777777777777778,2,-2.645960573751903,-5.210895803234972
e0_escape126_atr,E0,1,2015-2019,1,4,18,0.4583333333333333,0.4583333333333333,0,-5.263707583007448,-4.257295251004944
e0_escape126_atr,E0,1,2020-2026,5,18,73,0.5621923705379588,0.5686274509803921,4,-2.693960443172453,-3.8378439067660866
e0_escape252_atr,E0,1,all,9,127,435,0.5506176419904281,0.5154320987654321,7,-6.532279388322447,-7.226186858918321
e0_escape252_atr,E0,1,2010-2014,3,12,23,0.5881944444444445,0.65625,2,-9.095983888430494,-12.456638749595479
e0_escape252_atr,E0,1,2015-2019,1,3,12,0.3888888888888889,0.3888888888888889,0,-14.42467414871084,-5.613303550347123
e0_escape252_atr,E0,1,2020-2026,2,7,17,0.7453703703703703,0.7453703703703703,2,-2.5586732279160995,-8.760426116542158
e0_range_pos63,E0,1,all,9,219,774,0.5889002682319788,0.6075949367088608,8,0.8561545011921988,0.7625659520196318
e0_range_pos63,E0,1,2010-2014,5,24,52,0.5888789451289451,0.5185185185185185,3,0.8780530685913515,0.7472921082848729
e0_range_pos63,E0,1,2015-2019,2,8,39,0.638421052631579,0.638421052631579,2,0.7881771049609549,0.6668745084528025
e0_range_pos63,E0,1,2020-2026,7,26,140,0.518888856978198,0.49019607843137253,2,0.7911672179678575,0.7564913263711628
e0_range_pos126,E0,1,all,9,183,623,0.606398614533177,0.63125,9,0.7908141580420355,0.696553506438148
e0_range_pos126,E0,1,2010-2014,3,15,26,0.6925925925925925,0.6388888888888888,3,0.8460506476852606,0.6759965502239171
e0_range_pos126,E0,1,2015-2019,1,4,18,0.5555555555555556,0.5555555555555556,1,0.6546088913162893,0.5970716845607551
e0_range_pos126,E0,1,2020-2026,5,18,73,0.5956023755656108,0.6,4,0.7804539583278336,0.5901391827519888
e0_range_pos252,E0,1,all,9,127,435,0.6098943482989176,0.6072530864197531,8,0.722828126880069,0.6001538946083601
e0_range_pos252,E0,1,2010-2014,3,12,23,0.6523809523809524,0.75,2,0.6838358929915133,0.5140903150609532
e0_range_pos252,E0,1,2015-2019,1,3,12,0.3888888888888889,0.3888888888888889,0,0.4260945134848078,0.6186482284595698
e0_range_pos252,E0,1,2020-2026,2,7,17,0.7638888888888888,0.7638888888888888,2,0.8428858504908812,0.4570872980385149
e0_stage_changes20,E0,-1,all,9,244,894,0.5024777227386923,0.48706431908012937,4,1.0,1.0
e0_stage_changes20,E0,-1,2010-2014,5,26,58,0.4789016539016539,0.45454545454545453,2,0.7,0.8
e0_stage_changes20,E0,-1,2015-2019,2,8,47,0.6445757575757576,0.6445757575757576,2,0.5,1.0
e0_stage_changes20,E0,-1,2020-2026,7,26,171,0.497705681482079,0.5,3,0.7857142857142857,1.0
e0_stage_changes63,E0,-1,all,9,219,774,0.4964349709294906,0.44861660079051385,4,2.0555555555555554,2.0
e0_stage_changes63,E0,-1,2010-2014,5,24,52,0.36099467661967666,0.3333333333333333,0,2.8,1.8
e0_stage_changes63,E0,-1,2015-2019,2,8,39,0.645877192982456,0.645877192982456,2,1.5,2.75
e0_stage_changes63,E0,-1,2020-2026,7,26,140,0.43312146549209796,0.41578947368421054,2,2.2857142857142856,2.0
e0_fresh_trend_entries63,E0,-1,all,9,219,774,0.5111183740056966,0.46785958513790743,4,1.0555555555555556,1.0
e0_fresh_trend_entries63,E0,-1,2010-2014,5,24,52,0.35367132867132867,0.3333333333333333,0,1.3,1.0
e0_fresh_trend_entries63,E0,-1,2015-2019,2,8,39,0.5932017543859649,0.5932017543859649,2,1.0,1.5
e0_fresh_trend_entries63,E0,-1,2020-2026,7,26,140,0.4594307419937672,0.4666666666666667,2,1.2857142857142858,1.1428571428571428
e0_fresh_trend_entries126,E0,-1,all,9,183,623,0.47900223828594374,0.4793650793650794,3,2.5,2.4444444444444446
e0_fresh_trend_entries126,E0,-1,2010-2014,3,15,26,0.42268518518518516,0.4625,0,2.3333333333333335,2.0
e0_fresh_trend_entries126,E0,-1,2015-2019,1,4,18,0.6944444444444444,0.6944444444444444,1,2.0,3.0
e0_fresh_trend_entries126,E0,-1,2020-2026,5,18,73,0.4514500062845651,0.43333333333333335,2,2.6,2.3
e0_trend_occupancy63,E0,1,all,9,219,774,0.43886558044494195,0.443768115942029,1,0.7848324514991182,0.8430335097001763
e0_trend_occupancy63,E0,1,2010-2014,5,24,52,0.4476753570503571,0.5113636363636364,3,0.7904761904761906,0.8444444444444444
e0_trend_occupancy63,E0,1,2015-2019,2,8,39,0.44508771929824564,0.44508771929824564,1,0.8809523809523809,0.8531746031746033
e0_trend_occupancy63,E0,1,2020-2026,7,26,140,0.5089037911815444,0.47058823529411764,3,0.8537414965986395,0.8390022675736961
e0_trend_occupancy126,E0,1,all,9,183,623,0.46433925063207887,0.4426229508196721,3,0.8196649029982364,0.8381834215167548
e0_trend_occupancy126,E0,1,2010-2014,3,15,26,0.34027777777777773,0.3611111111111111,0,0.7619047619047619,0.8108465608465609
e0_trend_occupancy126,E0,1,2015-2019,1,4,18,0.3680555555555556,0.3680555555555556,0,0.9166666666666667,0.9365079365079365
e0_trend_occupancy126,E0,1,2020-2026,5,18,73,0.5290969079939668,0.59375,3,0.8468253968253968,0.8706349206349205
e5_cum_atr,E5,1,all,9,308,946,0.7761125903725333,0.7886728655959425,9,1.4648536938037942,-0.40777521935538535
e5_cum_atr,E5,1,2010-2014,7,40,99,0.7770234026625004,0.8166666666666667,7,0.7725624886277538,-0.7519603158068823
e5_cum_atr,E5,1,2015-2019,4,15,93,0.7668816690555821,0.7728937728937729,4,1.5999436531109297,-0.07453236271761798
e5_cum_atr,E5,1,2020-2026,7,32,182,0.7226084279708803,0.8133333333333334,6,0.7110764288024262,-0.07158663036641687
e5_mfe_atr,E5,1,all,9,308,946,0.7631545183003556,0.7656801520499593,9,1.8913349864779105,0.42094011490555877
e5_mfe_atr,E5,1,2010-2014,7,40,99,0.7155424274973148,0.7416666666666667,6,1.3601046472097018,0.4107689864715657
e5_mfe_atr,E5,1,2015-2019,4,15,93,0.7061643971970059,0.738415750915751,4,1.8591864619132281,0.6644723557225354
e5_mfe_atr,E5,1,2020-2026,7,32,182,0.7092831354846982,0.7741935483870968,6,0.9287848444105585,0.48457356017867154
e5_giveback_atr,E5,-1,all,9,308,946,0.6750586218173225,0.6868932038834952,9,0.18401037026995593,0.9176311686168036
e5_giveback_atr,E5,-1,2010-2014,7,40,99,0.6927621000553331,0.6754385964912281,7,0.45058542364606435,1.3530678507234914
e5_giveback_atr,E5,-1,2015-2019,4,15,93,0.6765567765567766,0.6666666666666667,4,0.20067852594057492,0.7619752518569074
e5_giveback_atr,E5,-1,2020-2026,7,32,182,0.6714903033252061,0.7,6,0.14870069931881455,0.5778625053712826
e5_dir_eff,E5,1,all,9,308,946,0.7554337968396588,0.7645940809122997,9,0.42399408578081715,-0.16524306735419705
e5_dir_eff,E5,1,2010-2014,7,40,99,0.7651173388015494,0.8,7,0.23754500348439142,-0.23108892218542487
e5_dir_eff,E5,1,2015-2019,4,15,93,0.7468605669692626,0.7473443223443224,4,0.4415868337850367,-0.08129078704971776
e5_dir_eff,E5,1,2020-2026,7,32,182,0.7325208804419383,0.8133333333333334,6,0.4313137420496232,-0.020009852302436425
e10_cum_atr,E10,1,all,9,308,703,0.8418663794768173,0.8432432432432433,9,2.547761539960113,-0.29184130943773146
e10_cum_atr,E10,1,2010-2014,7,40,70,0.8555102040816326,0.8571428571428571,7,2.005497129157127,-0.6604662498703161
e10_cum_atr,E10,1,2015-2019,4,15,67,0.9049768518518518,0.95,4,2.474755940356428,-0.002312972823255443
e10_cum_atr,E10,1,2020-2026,7,32,146,0.7775430207679309,0.8083333333333333,7,1.8705979782431381,-0.01473677879682757
e10_mfe_atr,E10,1,all,9,308,703,0.8204208439316445,0.8352272727272727,9,3.2802222733546427,0.9831507070697614
e10_mfe_atr,E10,1,2010-2014,7,40,70,0.7470975056689343,0.7321428571428571,6,2.7918547566683247,0.970705194763968
e10_mfe_atr,E10,1,2015-2019,4,15,67,0.8195601851851853,0.8833333333333333,4,2.7575316280808844,0.9691173480280381
e10_mfe_atr,E10,1,2020-2026,7,32,146,0.7818834093515362,0.8070175438596491,7,2.114517809488695,0.8839398721444953
e10_giveback_atr,E10,-1,all,9,308,703,0.6814444626313777,0.670929241261722,9,0.5275959132624851,1.296578988967361
e10_giveback_atr,E10,-1,2010-2014,7,40,70,0.7167857142857142,0.725,7,0.5992686174241698,1.7412683464434477
e10_giveback_atr,E10,-1,2015-2019,4,15,67,0.763425925925926,0.7518518518518519,4,0.24996930254044797,1.2000613304977188
e10_giveback_atr,E10,-1,2020-2026,7,32,146,0.6417917853640311,0.6929824561403509,6,0.5622975408700738,0.8413475422501335
e10_dir_eff,E10,1,all,9,308,703,0.8147252394449462,0.8139204545454546,9,0.35159140731270405,-0.04904603180361893
e10_dir_eff,E10,1,2010-2014,7,40,70,0.8349092970521542,0.875,7,0.2593619129855218,-0.10149578953837249
e10_dir_eff,E10,1,2015-2019,4,15,67,0.8578703703703704,0.8777777777777778,4,0.417078165678164,-0.004280458704059059
e10_dir_eff,E10,1,2020-2026,7,32,146,0.7642435972609232,0.7888888888888889,7,0.3799016148619903,0.007967495200027288
